DISTRITO;SECCION;CLAVE;SIGLA;NOMBRE;NUMERO;BARRIADA;CAT_FISCAL;C_POSTAL
5;7;11000;CTRA;ACCESO A LA CARCEL;ENTERA;BDA. SAN JOSE;C;51002
3;13;1900;CALLE;ACICATENA;ENTERA;BDA. CAMPO EXTERIOR;C;51002
2;4;8700;CITO;ACUARTELAMIENTO TENIENTE RUIZ;ENTERA;;B;51001
4;1;55105;CALLE;ADORATRICES;ENTERA;BDA. OTERO;C;51002
1;1;31500;PLAZA;AFRICA;ENTERA;;A;51001
4;7;35400;PSAJE;AFRICA;ENTERA;BDA. ESPAÑA;D;51002
3;1;2401;AVDA;AFRICA (DE);1 AL 9;BDA. PUERTAS DEL CAMPO;B;51001
3;6;2402;AVDA;AFRICA (DE);11 AL 23;BDA. PUERTAS DEL CAMPO;B;51002
3;8;2403;AVDA;AFRICA (DE);26 AL FIN;BDA. SAN JOSE;B;51002
3;9;2404;AVDA;AFRICA (DE);2 AL 14;BDA. PUERTAS DEL CAMPO;B;51002
3;5;2405;AVDA;AFRICA (DE);16 AL 24;BDA. PUERTAS DEL CAMPO;B;51002
3;14;2406;AVDA;AFRICA (DE);25 AL FIN;BDA. PUERTAS DEL CAMPO;B;51002
6;4;4700;CALLE;AGRUPACION CENTRAL;ENTERA;BDA. PRINCIPE ALFONSO;E;51003
6;2;5000;CALLE;AGRUPACION ESTE;ENTERA;BDA. PRINCIPE ALFONSO;E;51003
6;4;4900;CALLE;AGRUPACION FUERTE;ENTERA;BDA. PRINCIPE ALFONSO;E;51003
3;3;20702;CJTO;AGRUPACION LOGISTICA;ENTERA;BDA. OTERO;C;51002
6;4;5100;CALLE;AGRUPACION NORTE;ENTERA;BDA. PRINCIPE ALFONSO;E;51003
6;2;4800;CALLE;AGRUPACION SUR;ENTERA;BDA. PRINCIPE ALFONSO;E;51003
1;2;5700;LUGAR;AGUJERO BOQ.SARDINA;ENTERA;;A;51001
1;7;55104;CALLE;AGUSTIN MUÑOZ VAZQUEZ;ENTERA;;C;51001
1;8;700;CALLE;AGUSTINA DE ARAGON;ENTERA;;B;51001
6;3;5801;LUGAR;ALBERGUES AYUNTAMIENTO;ENTERA;BDA. PRINCIPE ALFONSO;E;51003
6;3;43702;CALLE;ALBERTO IBAÑEZ TRUJILLO;ENTERA;BDA. PRINCIPE FELIPE;E;51003
2;5;54400;CALLE;ALCALA DEL VALLE;ENTERA;BDA. VIRGEN DEL VALLE;C;51005
2;1;8010;CALLE;ALCALDE ALFONSO SOTELO AZORIN;ENTERA;;C;51001
1;7;55100;CALLE;ALCALDE CLEMENTE CALVO PECINO;ENTERA;;B;51001
3;13;1920;CALLE;ALCALDE ENRIQUE GARCIA PONCE;ENTERA;BDA. CAMPO EXTERIOR;C;51002
1;5;19700;CALLE;ALCALDE FRUCTUOSO MIAJA SANCHEZ;IMPARES;;C;51001
1;8;19701;CALLE;ALCALDE FRUCTUOSO MIAJA SANCHEZ;PARES;;C;51001
5;7;14500;CALLE;ALCALDE JOAQ. GARCIA DE LA TORRE;ENTERA;BDA. SAN JOSE;D;51002
1;1;200;AVDA;ALCALDE JOSE VICTORI GOÑALONS;PARES;;A;51001
1;2;201;AVDA;ALCALDE JOSE VICTORI GOÑALONS;IMPARES;;A;51001
3;13;1915;CALLE;ALCALDE RICARDO CERNI GONZALEZ;ENTERA;BDA. CAMPO EXTERIOR;C;51002
1;3;32050;PLAZA;ALCALDE RICARDO MUÑOZ RODRIGUEZ;ENTERA;;A;51001
1;1;7801;PASEO;ALCALDE SANCHEZ PRADOS;ENTERA;;A;51001
1;9;27201;PLAZA;ALFAU;ENTERA;;B;51001
1;9;800;CALLE;ALFAU;ENTERA;;C;51001
1;7;21800;GRUP;ALFAU;ENTERA;;C;51001
1;10;28100;MUELL;ALFAU;ENTERA;;C;51001
1;2;400;CALLE;ALFEREZ BAYTON;ENTERA;;B;51001
4;6;2900;CALLE;ALFEREZ DE LA RUBIA;ENTERA;BDA. SAN JOSE;D;51002
3;1;4100;CALLE;ALFEREZ PROVISIONAL;ENTERA;BDA. PUERTAS DEL CAMPO;D;51001
4;3;5300;CALLE;ALFONSO VIII;ENTERA;BDA. TERRONES;D;51002
1;8;51500;CALLE;ALGECIRAS;PARES;;B;51001
1;3;51501;CALLE;ALGECIRAS;IMPARES;;B;51001
2;2;32900;PSAJE;ALHAMBRA;ENTERA;;C;51001
4;11;46501;CTRA;ALMADRABA;1 AL 9;BDA. ALMADRABA;B;51002
4;11;46502;CTRA;ALMADRABA;2 AL 68;BDA. ALMADRABA;B;51002
6;3;51300;CTRA;ALMADRABA;11 AL FIN;BDA. ALMADRABA;B;51002
6;3;51301;CTRA;ALMADRABA;70 AL FIN;BDA. ALMADRABA;B;51002
4;8;4400;CALLE;ALMERIA;ENTERA;BDA. ESPAÑA;C;51002
1;7;1000;CALLE;ALMIRANTE LOBO;ENTERA;;C;51001
3;7;4300;CALLE;ALONSO DE OJEDA;ENTERA;BDA. O'DONNELL;D;51002
5;1;20601;CALLE;ALTA;ENTERA;BDA. LA LIBERTAD;C;51002
2;5;1100;CALLE;ALTO DE LAS HERAS;ENTERA;;C;51005
2;2;900;CALLE;ALVAREZ;ENTERA;;C;51001
1;4;600;CALLE;AMARGURA;ENTERA;;C;51001
4;6;37000;PSAJE;ANAYA;ENTERA;BDA. SAN JOSE;D;51002
4;7;5500;CALLE;ANDALUCIA;ENTERA;BDA. ESPAÑA;D;51002
3;6;55109;CALLE;ANDRES DEL RIO ABAURRENA;ENTERA;;D;0
4;11;54040;CALLE;ANGEL RUIZ LILLO;ENTERA;BDA. PRINCIPE ALFONSO;C;51003
6;2;5402;LUGAR;ANGULO;ENTERA;BDA. PRINCIPE ALFONSO;B;51003
3;1;5400;LUGAR;ANGULO-AV.S.F.JAVIER;ENTERA;BDA. PUERTAS DEL CAMPO;B;51001
3;11;1500;LUGAR;ANTIGUA ESTACION FERROCARRIL;ENTERA;BDA. PUERTAS DEL CAMPO;D;51001
1;3;500;CALLE;ANTIOCO;ENTERA;;B;51001
2;7;55136;CALLE;ANTONIA CESPEDES GALLEGO;ENTERA;BDA. SARCHAL;C;0
4;6;44820;CALLE;ANTONIO PARRADO GIL;ENTERA;BDA. SAN JOSE;C;51002
6;3;4500;LUGAR;ARCOS QUEBRADOS;ENTERA;BDA. CAMPO EXTERIOR;E;51003
4;6;3000;CALLE;ARGENTINA;1 AL 9;BDA. SAN JOSE;C;51002
4;10;3001;CALLE;ARGENTINA;2 AL 60;BDA. SAN JOSE;C;51002
4;7;3002;CALLE;ARGENTINA;11 AL FIN;BDA. SAN JOSE;C;51002
4;7;3003;CALLE;ARGENTINA;62 AL FIN;BDA. SAN JOSE;C;51002
3;13;1925;CALLE;ARQUITECTO JAIME ANTON-PACHECO;ENTERA;BDA. CAMPO EXTERIOR;C;51002
6;3;3700;CMNO;ARROYO DE LAS BOMBAS;ENTERA;BDA. CAMPO EXTERIOR;E;51003
4;1;28700;CJTO;ARTILLERIA (CUARTEL);ENTERA;BDA. TERRONES;B;51002
4;1;28701;GRUP;ARTILLERIA (PABELLONES);ENTERA;BDA. TERRONES;C;51002
2;5;8500;CJTO;ARTILLERIA (PARQUE);ENTERA;;C;51001
3;3;9700;CJTO;AUTOMOVILISMO (CUARTEL);ENTERA;BDA. OTERO;C;51002
3;4;49300;POLIG;AVENIDA DE AFRICA;5 AL 9;BDA. PUERTAS DEL CAMPO;B;51001
3;5;49301;POLIG;AVENIDA DE AFRICA;20 AL 24;BDA. PUERTAS DEL CAMPO;B;51002
3;4;49302;POLIG;AVENIDA DE AFRICA;4 AL 8;BDA. PUERTAS DEL CAMPO;B;51001
3;4;49303;POLIG;AVENIDA DE AFRICA;39 AL FIN;BDA. PUERTAS DEL CAMPO;B;51001
3;4;49304;POLIG;AVENIDA DE AFRICA;40 AL FIN;BDA. PUERTAS DEL CAMPO;B;51001
3;5;49305;POLIG;AVENIDA DE AFRICA;1 AL 3;BDA. PUERTAS DEL CAMPO;B;51002
3;5;49306;POLIG;AVENIDA DE AFRICA;2;BDA. PUERTAS DEL CAMPO;B;51002
3;5;49307;POLIG;AVENIDA DE AFRICA;21 AL 23;BDA. PUERTAS DEL CAMPO;B;51002
3;9;49308;POLIG;AVENIDA DE AFRICA;11 AL 19;BDA. PUERTAS DEL CAMPO;B;51001
3;9;49309;POLIG;AVENIDA DE AFRICA;10 AL 18;BDA. PUERTAS DEL CAMPO;B;51001
3;10;49310;POLIG;AVENIDA DE AFRICA;28 AL 38;BDA. PUERTAS DEL CAMPO;B;51002
3;10;49311;POLIG;AVENIDA DE AFRICA;27 AL 37;BDA. PUERTAS DEL CAMPO;B;51002
3;8;49312;POLIG;AVENIDA DE AFRICA;25;BDA. PUERTAS DEL CAMPO;B;51002
3;8;49313;POLIG;AVENIDA DE AFRICA;26;BDA. PUERTAS DEL CAMPO;B;51002
4;5;3500;CALLE;AYMAT GONZALEZ;ENTERA;BDA. TERRONES;C;51002
1;9;32600;PLAZA;AZCARATE;ENTERA;;B;51001
5;1;3501;CALLE;AZUL;ENTERA;BDA. LA LIBERTAD;C;51002
1;10;33200;PSAJE;BALSAS (DE LAS);ENTERA;;C;51001
3;4;2600;AVDA;BARCELONA (DE);7 AL FIN;BDA. PUERTAS DEL CAMPO;C;51001
3;3;2601;AVDA;BARCELONA (DE);PARES;BDA. OTERO;C;51001
3;9;2602;AVDA;BARCELONA (DE);1 AL 5;BDA. PUERTAS DEL CAMPO;C;51001
4;6;6900;CALLE;BARO ALEGRET;ENTERA;BDA. SAN JOSE;C;51002
1;4;6100;CALLE;BEATRIZ DE SILVA;1 AL 3;;A;51001
1;4;6101;CALLE;BEATRIZ DE SILVA;2 AL 4;;A;51001
2;1;6102;CALLE;BEATRIZ DE SILVA;5 AL FIN;;A;51001
2;1;6105;CALLE;BEATRIZ DE SILVA;6 AL FIN;;A;51001
2;1;6103;CALLE;BEATRIZ DE SILVA, 1 TRANSVERSAL;ENTERA;;A;51001
2;1;6104;CALLE;BEATRIZ DE SILVA, 2 TRANSVERSAL;ENTERA;;A;51001
4;7;7100;CALLE;BEN ALI;ENTERA;BDA. ESPAÑA;D;51002
1;4;51400;PSAJE;BENASAYAG;ENTERA;;C;51002
4;2;6700;CALLE;BENAVENTE;ENTERA;BDA. VILLA JOVITA;C;51002
6;1;34800;PLAYA;BENITEZ;21 AL FIN;BDA. PLAYA BENITEZ;C;51004
6;1;34801;PLAYA;BENITEZ;40 AL FIN;BDA. PLAYA BENITEZ;C;51004
5;6;34802;PLAYA;BENITEZ;1 AL 19;BDA. PLAYA BENITEZ;C;51004
5;6;34803;PLAYA;BENITEZ;2 AL 38;BDA. PLAYA BENITEZ;C;51004
4;2;52100;CTRA;BENITEZ (DE);ENTERA;BDA. PLAYA BENITEZ;C;51004
4;2;34600;PSAJE;BENTOLILA;ENTERA;BDA. VILLA JOVITA;C;51002
4;7;7200;CALLE;BENTOLILA;ENTERA;BDA. ESPAÑA;D;51002
6;1;12200;CTRA;BENZU;ENTERA;BDA. BENZU;C;51004
6;1;7201;BARDA;BENZU (DE);ENTERA;BDA. BENZU;C;51004
4;5;7500;CALLE;BERMUDO SORIANO;ENTERA;BDA. SAN JOSE;C;51002
4;5;7501;GRUP;BERMUDO SORIANO;ENTERA;BDA. SAN JOSE;C;51002
4;6;7000;CALLE;BLOND MESA;ENTERA;BDA. SAN JOSE;D;51002
4;9;6301;CALLE;BOLIVIA;ENTERA;BDA. SAN JOSE;C;51002
3;3;55125;CALLE;BOMBERO MARCO ANTONIO NAVAS;ENTERA;;C;0
3;7;20100;GRUP;BOMBEROS;ENTERA;BDA. O'DONNELL;C;51002
3;3;43504;CALLE;BONIFACIO LOPEZ TORVIZCO;ENTERA;BDA. OTERO;D;51002
2;4;6400;CALLE;BRULL;ENTERA;;C;51001
4;10;7300;CALLE;BUENDIA RUIZ;ENTERA;BDA. SAN JOSE;D;51002
6;5;11200;LUGAR;CABRERIZAS ALTAS;ENTERA;BDA. CAMPO EXTERIOR;E;51003
6;5;11201;LUGAR;CABRERIZAS BAJAS;ENTERA;BDA. CAMPO EXTERIOR;E;51003
4;6;9800;CALLE;CACHINERO REINA;ENTERA;BDA. SAN JOSE;D;51002
4;11;54001;AVDA;CADI IYAD;ENTERA;BDA. PRINCIPE ALFONSO;B;51003
4;8;11800;CALLE;CADIZ;ENTERA;BDA. ESPAÑA;C;51002
6;1;12100;LUGAR;CALAMOCARRO;ENTERA;BDA. CAMPO EXTERIOR;C;51004
2;3;33800;PSAJE;CALATAYUD;ENTERA;;C;51001
4;2;9200;CALLE;CALDERON DE LA BARCA;ENTERA;BDA. VILLA JOVITA;B;51002
6;1;26700;LUGAR;CALERA (LA);ENTERA;BDA. CAMPO EXTERIOR;E;51004
5;1;2350;CALLE;CALIPSO;ENTERA;BDA. LA LIBERTAD;C;51002
1;3;7700;CALLE;CAMOENS;IMPARES;;A;51001
1;4;7701;CALLE;CAMOENS;PARES;;A;51001
2;2;8300;CALLE;CANALEJAS;PARES;;B;51001
2;3;8301;CALLE;CANALEJAS;IMPARES;;B;51001
4;7;44801;ARRY;CAÑAVERAL (DEL);ENTERA;BDA. ESPAÑA;C;51002
3;2;28500;MUELL;CAÑONERO DATO;ENTERA;;B;51001
3;2;46700;AVDA;CAÑONERO DATO;ENTERA;;B;51001
5;4;10201;CALLE;CAPITAN CLAUDIO VAZQUEZ;22 AL FIN;BDA. SAN JOSE;C;51002
5;7;52900;CALLE;CAPITAN CLAUDIO VAZQUEZ;IMPARES;BDA. SAN JOSE;C;51002
5;5;52901;CALLE;CAPITAN CLAUDIO VAZQUEZ;2 AL 20;BDA. SAN JOSE;C;51002
3;3;29702;CALLE;CAPITAN GENERAL MORENO;ENTERA;BDA. OTERO;C;51002
4;7;10100;CALLE;CAPITAN NOREÑA;ENTERA;BDA. ESPAÑA;D;51002
1;4;38300;JDIN;CAPITAN RAMOS;;;C;51001
2;5;38920;CALLE;CARLOS POSAC MON;ENTERA;BDA. CAMPO INTERIOR;C;51002
4;3;10600;CALLE;CARLOS V;ENTERA;BDA. TERRONES;C;51002
2;6;55140;CALLE;CARLOS VILLON EGEA;ENTERA;BDA. SARCHAL;C;0
4;11;54050;CALLE;CARMEN ROJAS;ENTERA;BDA. PRINCIPE ALFONSO;C;51003
4;7;10;BARDA;CASAS DE CASTRO;ENTERA;BDA. DOCE DE DICIEMBRE;D;51002
6;2;53400;LUGAR;CASAS DE LAS LANZAS;ENTERA;BDA. CAMPO EXTERIOR;E;51003
2;5;12800;LUGAR;CASAS DE ROCABERT;ENTERA;BDA. CAMPO INTERIOR;C;51005
6;3;25201;LUGAR;CASAS JUAN FERNANDEZ;ENTERA;BDA. CAMPO EXTERIOR;E;51003
6;3;50203;CALLE;CASAS NUEVAS;ENTERA;BDA. PRINCIPE ALFONSO;E;51003
4;10;10400;CALLE;CASTILLO ARTIEL;ENTERA;BDA. SAN JOSE;D;51002
4;6;10000;CALLE;CASTILLO HIDALGO;ENTERA;BDA. SAN JOSE;D;51002
3;5;12900;ZONA;CEPSA (CHALETS);ENTERA;BDA. PUERTAS DEL CAMPO;B;51002
2;2;32700;PSAJE;CERNI;ENTERA;;C;51001
6;4;11400;LUGAR;CERRO DE LAS MULAS;ENTERA;BDA. CAMPO EXTERIOR;E;51003
1;2;7800;CALLE;CERVANTES;DEL 2 AL;;B;51001
1;4;7799;CALLE;CERVANTES;IMPARES Y;;B;51001
4;8;21000;GRUP;CESPED;ENTERA;BDA. ESPAÑA;C;51002
4;8;13400;CALLE;CHICA BERNAL;ENTERA;BDA. ESPAÑA;C;51002
4;10;13300;CALLE;CHILE;ENTERA;BDA. SAN JOSE;D;51002
4;11;47700;PLAYA;CHORRILLO (DEL);ENTERA;BDA. ALMADRABA;C;51002
4;3;10700;CALLE;CID CAMPEADOR EL;ENTERA;BDA. TERRONES;D;51002
4;6;22200;CALLE;CINCO HERMANOS LAHULET;ENTERA;BDA. SAN JOSE;D;51002
2;5;51700;CTRA;CIRCUNVALACION;ENTERA;BDA. CAMPO INTERIOR;E;51005
4;8;12400;CALLE;CIUDAD REAL;ENTERA;BDA. ESPAÑA;D;51002
1;8;8100;CALLE;CIUDAD TRUJILLO;ENTERA;;C;51001
4;10;10300;CALLE;CIVICO MURCIANO;ENTERA;BDA. SAN JOSE;C;51002
3;14;11700;CALLE;CLAUDIO COELLO;ENTERA;BDA. O'DONNELL;C;51002
4;11;4600;ARRY;COLMENAS (DE LAS);ENTERA;BDA. ALMADRABA;D;51002
4;9;10500;CALLE;COLOMBIA;ENTERA;BDA. SAN JOSE;C;51002
1;2;31700;PASEO;COLON (DE);PARES;;B;51001
1;4;31701;PASEO;COLON (DE);21 AL FIN;;B;51001
1;2;31702;PASEO;COLON (DE);1 AL 19;;B;51001
3;8;9600;CJTO;COMANDANCIA GUARDIA CIVIL;ENTERA;BDA. SAN JOSE;B;51002
1;10;21300;GTA;COMANDANTE AYUSO;ENTERA;;C;51001
4;6;9900;CALLE;COMANDANTE DE LA RUBIA;ENTERA;BDA. SAN JOSE;D;51002
3;5;18300;AVDA;COMANDANTE GENERAL RAFAEL BADA;PARES;BDA. PUERTAS DEL CAMPO;B;51002
3;8;18301;AVDA;COMANDANTE GENERAL RAFAEL BADA;IMPARES;BDA. SAN JOSE;B;51002
1;2;7400;AVDA;COMPAÑIA DE MAR (DE LA);2 AL 4;;A;51001
1;2;7401;AVDA;COMPAÑIA DE MAR (DE LA);1 AL 9;;A;51001
1;3;7402;AVDA;COMPAÑIA DE MAR (DE LA);6 AL 8;;A;51001
1;3;7403;AVDA;COMPAÑIA DE MAR (DE LA);11 AL 23;;A;51001
1;5;7404;AVDA;COMPAÑIA DE MAR (DE LA);25 AL 31;;A;51001
1;6;7405;AVDA;COMPAÑIA DE MAR (DE LA);33 AL 39;;A;51001
1;7;7406;AVDA;COMPAÑIA DE MAR (DE LA);41 AL 53;;A;51001
1;9;8200;CALLE;CONRADO ALVAREZ;ENTERA;;C;51001
1;2;37300;PLAZA;CONSTITUCION (DE LA);ENTERA;;A;51001
1;4;7900;CALLE;CONSUELO;ENTERA;;C;51001
4;3;10501;CALLE;CONVOY DE LA VICTORIA;ENTERA;BDA. TERRONES;D;51002
4;6;12500;CALLE;CORDOBA;ENTERA;BDA. SAN JOSE;C;51002
6;2;53700;CALLE;CORONEL SAN MAMED;ENTERA;BDA. PRINCIPE ALFONSO;E;51003
5;1;52700;LOMA;CORRALES (DE LOS);SOLAR;BDA. CAMPO EXTERIOR;D;51004
2;1;8000;CALLE;CORREA;ENTERA;;B;51001
2;4;8600;CALLE;CORTADURA DEL VALLE;ENTERA;;C;51001
6;1;47500;LUGAR;CORTIJO MORENO;ENTERA;BDA. CAMPO EXTERIOR;E;51004
6;1;47600;LUGAR;CORTIJO MORILLA;ENTERA;BDA. CAMPO EXTERIOR;E;51004
6;5;17300;LUGAR;CORTIJO SERRANO;ENTERA;BDA. CAMPO EXTERIOR;E;51003
5;6;9500;LUGAR;CRIA CABALLAR;ENTERA;BDA. PLAYA BENITEZ;C;51004
1;1;38100;PNTE;CRISTO (DEL);;;B;51001
3;14;12802;LUGAR;CRUCE DEL MORRO;ENTERA;BDA. O'DONNELL;B;51002
6;5;9501;CJTO;CUARTEL DE RECARGA;ENTERA;BDA. CAMPO EXTERIOR;E;51003
3;1;4001;CJTO;CUARTEL POLICIA NACIONAL;ENTERA;BDA. PUERTAS DEL CAMPO;C;51001
1;7;55116;CALLE;D. MANUEL MORALES PARRA;ENTERA;;B;0
1;3;14100;CALLE;DAOIZ;ENTERA;;B;51001
2;1;41402;CALLE;DAVID VALVERDE SORIANO;ENTERA;;A;51001
1;2;13500;CALLE;DEAN NAVARRO ACUÑA;ENTERA;;B;51001
1;3;13600;CALLE;DELGADO SERRANO;ENTERA;;B;51001
2;5;5900;LUGAR;DESNARIGADO;;BDA. CAMPO INTERIOR;E;51005
5;7;46800;BARRO;DETRAS DE LA CARCEL;ENTERA;BDA. SAN JOSE;C;51002
2;3;33500;PSAJE;DIAMANTE;ENTERA;;C;51001
4;7;46600;BARDA;DOCE DE DICIEMBRE;ENTERA;BDA. DOCE DE DICIEMBRE;C;51002
5;7;55138;CALLE;DOCTOR ABDELKRIM;PARES;BDA. ALMADRABA;C;0
4;11;55139;CALLE;DOCTOR ABDELKRIM;IMPARES;BDA. ALMADRABA;C;0
3;1;14300;CALLE;DOCTOR FLEMING;ENTERA;BDA. PUERTAS DEL CAMPO;C;51001
3;7;14002;AVDA;DOCTOR MARAÑON;ENTERA;BDA. O'DONNELL;C;51002
1;7;55123;CALLE;DOCTORA ANTONIA CASTILLO;ENTERA;;C;0
6;2;54010;CALLE;DOCTORA SORAYA;ENTERA;BDA. PRINCIPE ALFONSO;C;51003
1;1;14400;CALLE;DOS DE MAYO;ENTERA;;B;51001
2;2;13800;CALLE;DUARTE;ENTERA;;B;51001
1;9;13700;CALLE;DUEÑAS;IMPARES;;C;51001
1;7;13701;CALLE;DUEÑAS;PARES;;C;51001
2;1;14900;CALLE;ECHEGARAY;PARES;;B;51001
2;2;14901;CALLE;ECHEGARAY;IMPARES;;B;51001
1;1;14600;CALLE;EDRISIS;ENTERA;;B;51001
2;1;41403;CALLE;EDUARDO PEREZ ORTIZ;ENTERA;;A;51001
4;9;3200;AVDA;EJERCITO ESPAÑOL;11 AL FIN;BDA. TERRONES;B;51002
4;3;3201;AVDA;EJERCITO ESPAÑOL;3 AL 9;BDA. TERRONES;B;51002
4;1;3202;AVDA;EJERCITO ESPAÑOL;2 AL 4;BDA. TERRONES;B;51002
4;9;3203;AVDA;EJERCITO ESPAÑOL;14 AL FIN;BDA. TERRONES;B;51002
4;3;3204;AVDA;EJERCITO ESPAÑOL;6 AL 12;BDA. TERRONES;B;51002
4;1;3205;AVDA;EJERCITO ESPAÑOL;1;BDA. TERRONES;B;51002
4;3;45200;AVDA;EJERCITO ESPAÑOL (TORREONES);ENTERA;BDA. TERRONES;B;51002
6;1;11900;CTRA;EMBALSE (DEL);ENTERA;BDA. CAMPO EXTERIOR;D;51004
2;1;55147;PSAJE;EMILIO JALIL;ENTERA;;B;51001
2;4;55148;CALLE;EMILIO JALIL;ENTERA;;D;51001
3;1;15400;CALLE;ENRIQUE EL NAVEGANTE;ENTERA;BDA. PUERTAS DEL CAMPO;C;51001
5;4;15801;GRUP;ERQUICIA;ENTERA;BDA. LOS ROSALES;D;51002
2;4;15100;CALLE;ESCUELAS PRACTICAS;ENTERA;;C;51005
2;2;55137;PLAZA;ESCULTOR CANDIDO MATA;ENTERA;;B;0
3;2;1300;AVDA;ESPAÑA;PARES;BDA. PUERTAS DEL CAMPO;B;51001
3;3;2800;AVDA;ESPAÑA;3 AL 9;BDA. OTERO;B;51001
4;1;2801;AVDA;ESPAÑA;11 AL 41;BDA. PUERTAS DEL CAMPO;B;51001
3;1;2803;AVDA;ESPAÑA;1;BDA. PUERTAS DEL CAMPO;B;51001
3;13;2802;AVDA;ESPAÑA;43 AL FIN;BDA. PUERTAS DEL CAMPO;B;51001
3;2;28400;MUELL;ESPAÑA;ENTERA;;C;51001
1;4;32100;PLAZA;ESPAÑA (DE);ENTERA;;A;51001
3;14;15600;CALLE;ESPAÑOLETO EL;ENTERA;BDA. O'DONNELL;D;51002
1;4;14800;CALLE;ESPINO;ENTERA;;B;51001
1;1;14700;CALLE;ESPIRITU SANTO;ENTERA;;C;51001
3;8;15900;LUGAR;ESTADIO MUNICIPAL ALFONSO;ENTERA;BDA. SAN JOSE;B;51002
4;5;15300;CALLE;ESTEPONA;ENTERA;BDA. TERRONES;D;51002
2;2;15000;CALLE;ESTRELLA;ENTERA;;C;51001
2;2;32701;PSAJE;ESTRELLA;ENTERA;;C;51001
4;6;15802;TRVAL;FAJARDO MARTINEZ;ENTERA;BDA. SAN JOSE;D;51002
4;6;16200;CALLE;FAJARDO MARTINEZ;ENTERA;BDA. SAN JOSE;D;51002
2;5;17100;LUGAR;FARO DE CEUTA;ENTERA;BDA. CAMPO INTERIOR;C;51005
4;3;17800;CALLE;FELIPE II;ENTERA;BDA. TERRONES;C;51002
1;5;17700;CALLE;FERNANDEZ;IMPARES;;B;51001
1;8;17701;CALLE;FERNANDEZ;PARES;;B;51001
1;4;32200;PSAJE;FERNANDEZ;ENTERA;;C;51001
4;10;16300;CALLE;FERNANDEZ AMADOR;IMPARES;BDA. SAN JOSE;D;51002
5;7;16301;CALLE;FERNANDEZ AMADOR;PARES;BDA. SAN JOSE;D;51002
4;3;16400;CALLE;FERNANDO EL SANTO;ENTERA;BDA. TERRONES;D;51002
5;1;55102;CALLE;FERNANDO FERNANDEZ MORENO;ENTERA;BDA. LA LIBERTAD;C;51002
4;10;18100;CALLE;FERRERO VISO;ENTERA;BDA. SAN JOSE;D;51002
5;7;16500;LUGAR;FINCA CAMPANERO;ENTERA;BDA. SAN JOSE;D;51002
5;1;18500;BARDA;FINCA GUILLEN ALTA;ENTERA;BDA. CAMPO EXTERIOR;E;51004
5;1;23400;BARDA;FINCA GUILLEN BAJA;ENTERA;BDA. CAMPO EXTERIOR;E;51004
3;14;17500;CALLE;FLECHA BERMUDEZ;ENTERA;BDA. O'DONNELL;D;51002
3;6;55108;CALLE;FLORENTINO GOMEZ MACEDO;ENTERA;;D;0
4;8;16800;CALLE;FLORIA ORDOÑEZ;ENTERA;BDA. ESPAÑA;C;51002
2;5;17000;LUGAR;FORTALEZA DEL HACHO;ENTERA;BDA. CAMPO INTERIOR;C;51005
2;7;55121;CALLE;FORTUNATO BENDAHAN ABECASIS;ENTERA;;D;0
1;1;47900;LUGAR;FOSO SAN FELIPE;;;C;51001
3;7;17600;CALLE;FRANCISCO DE ORELLANA;ENTERA;BDA. O'DONNELL;D;51002
3;14;17400;CALLE;FRANCISCO DE RIBALTA;ENTERA;BDA. O'DONNELL;D;51002
4;8;55117;CALLE;FRANCISCO JAVIER SAUQUILLO;1 Y 2;;C;0
4;11;55133;CALLE;FRANCISCO JAVIER SAUQUILLO;3 AL FIN;;C;0
3;8;6800;CALLE;FRANCISCO LERIA Y ORTIZ SARACHO;ENTERA;BDA. SAN JOSE;C;51002
5;1;55103;CALLE;FRANCISCO PASCUAL ANDREU;ENTERA;BDA. LA LIBERTAD;C;51002
3;7;16700;CALLE;FRANCISCO PIZARRO;ENTERA;BDA. O'DONNELL;D;51002
6;3;43703;CALLE;FRANCISCO RUIZ SANCHEZ;ENTERA;BDA. PRINCIPE FELIPE;E;51003
3;3;29704;CALLE;FRAY DIEGO DE ALMEIDA;ENTERA;BDA. OTERO;D;51002
1;2;16000;BARRO;FUENTE CABALLO;ENTERA;;C;51001
6;1;16900;LUGAR;FUERTE ARANGUREN;;BDA. CAMPO EXTERIOR;E;51003
6;1;48100;LUGAR;FUERTE FRANCISCO DE ASIS;;BDA. CAMPO EXTERIOR;E;51003
6;1;18800;LUGAR;FUERTE ISABEL II;;BDA. CAMPO EXTERIOR;E;51004
6;1;18200;LUGAR;FUERTE MENDICUTI;;BDA. CAMPO EXTERIOR;E;51004
6;5;19000;LUGAR;FUERTE MENDIZABAL;ENTERA;BDA. CAMPO EXTERIOR;E;51004
6;5;18900;LUGAR;FUERTE PINIER;ENTERA;BDA. CAMPO EXTERIOR;E;51003
6;2;54000;LUGAR;FUERTE PRINCIPE ALFONSO;ENTERA;BDA. PRINCIPE ALFONSO;E;51003
6;1;18700;LUGAR;FUERTE RENEGADO;;BDA. CAMPO EXTERIOR;E;51004
1;6;19800;CALLE;GALEA;ENTERA;;C;51001
1;5;19100;CALLE;GARCIA;ENTERA;;C;51001
6;1;12300;CTRA;GARCIA ALDAVE;ENTERA;BDA. CAMPO EXTERIOR;E;51004
4;7;20400;CALLE;GARCIA BENITEZ;ENTERA;BDA. ESPAÑA;D;51002
4;7;20300;CALLE;GARCIA MORATO;ENTERA;BDA. ESPAÑA;D;51002
4;2;21400;CALLE;GENARO LUCAS;ENTERA;BDA. VILLA JOVITA;B;51002
1;8;19600;CALLE;GENERAL ARANDA;ENTERA;;B;51001
3;7;21900;CALLE;GENERAL CARVAJAL;ENTERA;BDA. O'DONNELL;D;51002
3;1;36700;CALLE;GENERAL PADROS CUZCO;ENTERA;BDA. PUERTAS DEL CAMPO;C;51001
1;4;41400;CALLE;GENERAL SERRANO ORIVE;PARES;;A;51001
2;1;41401;CALLE;GENERAL SERRANO ORIVE;IMPARES;;A;51001
3;3;29703;CALLE;GOBERNADOR ANDRADE;ENTERA;BDA. OTERO;D;51002
3;3;29705;CALLE;GOBERNADOR ARANDIA;ENTERA;BDA. OTERO;D;51002
1;1;19200;CALLE;GOMEZ MARCELO;ENTERA;;C;51001
4;2;20000;CALLE;GONGORA;ENTERA;BDA. VILLA JOVITA;C;51002
1;6;19900;CALLE;GONZALEZ BESADA;IMPARES;;B;51001
1;9;19901;CALLE;GONZALEZ BESADA;PARES;;B;51001
1;4;19400;CALLE;GONZALEZ DE LA VEGA;ENTERA;;B;51001
3;2;1200;AVDA;GONZALEZ TABLAS;PARES;;B;51001
3;1;1202;AVDA;GONZALEZ TABLAS;IMPARES;;B;51001
3;14;20900;CALLE;GOYA;ENTERA;BDA. O'DONNELL;D;51002
4;7;20001;CALLE;GRANADA;ENTERA;BDA. ESPAÑA;D;51002
3;14;15500;CALLE;GRECO EL;ENTERA;BDA. O'DONNELL;D;51002
4;2;34700;PSAJE;GUERRERO;ENTERA;BDA. VILLA JOVITA;C;51002
4;7;18000;CALLE;GUERRERO SANCHEZ;ENTERA;BDA. ESPAÑA;D;51002
2;5;30900;MONTE;HACHO;ENTERA;BDA. CAMPO INTERIOR;C;51005
2;3;33600;PSAJE;HERAS (DE LAS);ENTERA;;C;51001
2;5;33900;GRUP;HERAS (PABELLONES DE LAS);ENTERA;;C;51001
5;1;2330;CALLE;HERCULES;ENTERA;BDA. LA LIBERTAD;C;51002
4;11;54020;CALLE;HERMANOS DE LA CRUZ BLANCA;ENTERA;BDA. PRINCIPE ALFONSO;C;51003
3;7;22700;CALLE;HERMANOS PINZON;ENTERA;BDA. O'DONNELL;D;51002
3;7;22800;CALLE;HERNAN CORTES;ENTERA;BDA. O'DONNELL;D;51002
3;7;22400;CALLE;HERNANDO DE SOTO;ENTERA;BDA. O'DONNELL;D;51002
2;5;55000;CALLE;HINOJOSA DEL VALLE;ENTERA;BDA. VIRGEN DEL VALLE;C;51005
3;8;22100;CJTO;HOGAR NTRA.SRA. DE AFRICA;ENTERA;BDA. SAN JOSE;C;51002
1;10;6000;CJTO;HOSPITAL CRUZ ROJA;ENTERA;;C;51001
4;8;22500;CJTO;HOSPITAL MILITAR;ENTERA;BDA. O'DONNELL;C;51002
4;8;22600;CALLE;HUELVA;ENTERA;BDA. ESPAÑA;C;51002
2;5;23100;LUGAR;HUERTA BLANCO-HACHO;;BDA. CAMPO INTERIOR;C;51005
4;1;22000;LUGAR;HUERTA GUARNICION (DE LA);ENTERA;BDA. OTERO;D;51002
2;5;23200;LUGAR;HUERTA LA CRUZ DEL HACHO;ENTERA;BDA. CAMPO INTERIOR;C;51005
1;4;22900;LUGAR;HUERTA MARTINEZ;ENTERA;;C;51001
4;7;22300;LUGAR;HUERTA MATRES;ENTERA;BDA. SAN JOSE;D;51002
2;7;23302;LUGAR;HUERTA MOLINO (DEL);ENTERA;;D;51001
4;6;23300;LUGAR;HUERTA RUBIA (DE LA);ENTERA;BDA. SAN JOSE;D;51002
2;5;23301;LUGAR;HUERTA RUFINO;ENTERA;;C;51001
2;3;23900;CALLE;IBIZA;IMPARES;;C;51001
2;2;23901;CALLE;IBIZA;PARES;;C;51001
2;2;32800;PSAJE;IDEAL;ENTERA;;C;51001
1;1;23500;CALLE;INDEPENDENCIA;ENTERA;;A;51001
6;1;2100;ARRY;INFIERNO (DEL);ENTERA;BDA. CAMPO EXTERIOR;E;51004
1;4;23600;CALLE;INGENIEROS;IMPARES;;B;51001
1;2;23601;CALLE;INGENIEROS;PARES;;B;51001
6;5;30200;MONTE;INGENIEROS;ENTERA;BDA. CAMPO EXTERIOR;E;51001
3;1;10900;CJTO;INSTITUTO BACHILLERATO;ENTERA;BDA. PUERTAS DEL CAMPO;B;51001
3;3;24000;CJTO;INTENDENCIA (CUARTEL);ENTERA;BDA. OTERO;C;51002
1;8;23700;CALLE;ISABEL CABRAL;ENTERA;;B;51001
2;4;23800;CALLE;ISIDORO MARTINEZ;ENTERA;;C;51001
4;8;25400;CALLE;JAEN;ENTERA;BDA. ESPAÑA;C;51002
6;5;48300;LUGAR;JARAL (CAMPAMENTO DEL);ENTERA;BDA. CAMPO EXTERIOR;E;51004
6;5;54100;CTRA;JARAL (DEL);ENTERA;BDA. CAMPO EXTERIOR;E;51004
1;1;24100;CALLE;JAUDENES;ENTERA;;A;51001
4;1;55107;CALLE;JOAQUIN AMADOR (QUININ);ENTERA;BDA. OTERO;C;51002
3;14;25000;CALLE;JOAQUIN SOROLLA;ENTERA;BDA. O'DONNELL;D;51002
2;7;55119;CALLE;JOSE ALFON BENOLIEL;ENTERA;;C;0
5;1;2340;CALLE;JOSE CONTRERAS MALDONADO;ENTERA;BDA. LA LIBERTAD;C;51002
6;3;43705;CALLE;JOSE DE LOMA ESTEVE;ENTERA;BDA. PRINCIPE FELIPE;E;51003
3;13;1910;CALLE;JOSE GARCIA COSIO;ENTERA;BDA. CAMPO EXTERIOR;C;51002
2;2;55146;PLAZA;JOSE LUIS CHAVES;ENTERA;;B;51001
4;2;24700;CALLE;JOSE MARIA DE PEREDA;ENTERA;BDA. VILLA JOVITA;C;51002
1;7;55118;CALLE;JOSE PULIDO DOMINGUEZ;ENTERA;;C;0
6;3;43704;CALLE;JOSE ROJAS FEIGESPAN;ENTERA;BDA. PRINCIPE FELIPE;E;51003
5;1;2320;CALLE;JOSE ROLDAN CARRILLO;ENTERA;BDA. LA LIBERTAD;C;51002
4;5;3400;AVDA;JOSE SANTOS VILELA;ENTERA;BDA. SAN JOSE;C;51002
4;5;25600;TRVAL;JOSE SANTOS VILELA;ENTERA;BDA. SAN JOSE;D;51002
4;4;21102;GRUP;JOSE ZURRON;ENTERA;BDA. TERRONES;C;51002
4;8;30010;CALLE;JUAN BRAVO PEREZ;ENTERA;;C;51002
5;6;55122;CALLE;JUAN CARLOS ARRIAGA GOMEZ;ENTERA;;C;0
2;4;55127;CALLE;JUAN CARLOS GARCIA BERNARDO;ENTERA;;C;0
5;3;50100;GRUP;JUAN CARLOS I;29 AL 57;BDA. LOS ROSALES;D;51002
5;3;50101;GRUP;JUAN CARLOS I;28 AL FIN;BDA. LOS ROSALES;D;51002
5;3;50102;GRUP;JUAN CARLOS I;61 AL FIN;BDA. LOS ROSALES;D;51002
5;4;53000;GRUP;JUAN CARLOS I;1 AL 27;BDA. LOS ROSALES;D;51002
5;4;53001;GRUP;JUAN CARLOS I;2 AL 26;BDA. LOS ROSALES;D;51002
5;4;53002;GRUP;JUAN CARLOS I;59;BDA. LOS ROSALES;D;51002
4;3;24900;CALLE;JUAN DE AUSTRIA;ENTERA;BDA. TERRONES;D;51002
3;14;25300;CALLE;JUAN DE JUANES;ENTERA;BDA. O'DONNELL;C;51002
3;7;25200;CALLE;JUAN DE LA COSA;ENTERA;BDA. O'DONNELL;D;51002
2;2;13950;CALLE;JUAN DIAZ FERNANDEZ;ENTERA;;A;51001
1;10;24400;CALLE;JUAN I DE PORTUGAL;IMPARES;;C;51001
2;5;24401;CALLE;JUAN I DE PORTUGAL;10 AL FIN;;C;51001
2;4;24402;CALLE;JUAN I DE PORTUGAL;2 AL 8;;C;51001
1;1;19350;AVDA;JUAN PABLO II;ENTERA;;A;51001
4;2;24600;CALLE;JUAN RAMON JIMENEZ;ENTERA;BDA. VILLA JOVITA;C;51002
3;7;25100;CALLE;JUAN SEBASTIAN ELCANO;ENTERA;BDA. O'DONNELL;D;51002
4;8;48400;GRUP;JUAN XXIII;ENTERA;BDA. O'DONNELL;C;51002
2;4;55149;CALLE;JUANA CAMPOY;ENTERA;;D;51001
2;2;24300;CALLE;JUEGO DE BOLOS;ENTERA;;C;51001
3;2;34201;CJTO;JUNTA DEL PUERTO (CHALETS);ENTERA;;C;51001
3;2;34200;GRUP;JUNTA DEL PUERTO (PABELLONES);ENTERA;BDA. LA PUNTILLA;C;51001
5;7;16600;BARRO;JUNTO A LA CARCEL;ENTERA;BDA. SAN JOSE;C;51002
4;4;21103;CALLE;JUPITER;ENTERA;BDA. TERRONES;D;51002
5;1;44701;BARDA;LA LIBERTAD;ENTERA;BDA. LA LIBERTAD;C;51002
5;1;2360;CALLE;LATINO;ENTERA;BDA. LA LIBERTAD;C;51002
4;1;1700;ARRY;LAVADERO (DEL);ENTERA;BDA. OTERO;D;51002
2;5;25701;GRUP;LEALTAD (LA);ENTERA;BDA. SAN AMARO;C;51001
4;2;26100;CALLE;LEANDRO FERNANDEZ DE MORATIN;ENTERA;BDA. VILLA JOVITA;C;51002
6;5;21201;CJTO;LEGION (CUARTEL-GARCIA ALDAVE);ENTERA;BDA. CAMPO EXTERIOR;E;51004
6;5;11300;CJTO;LEGION (CUARTEL-SERRALLO);ENTERA;BDA. CAMPO EXTERIOR;E;51003
1;5;25700;CALLE;LEGION (LA);ENTERA;;B;51001
2;2;33000;PSAJE;LIMA;ENTERA;;C;51001
1;7;25800;CALLE;LINARES;PARES;;C;51001
1;10;25802;CALLE;LINARES;IMPARES;;C;51001
5;1;2300;AVDA;LISBOA (DE);PARES;BDA. LA LIBERTAD;B;51002
4;5;2301;AVDA;LISBOA (DE);49 AL FIN;BDA. SAN JOSE;B;51002
4;2;34301;AVDA;LISBOA (DE);1 AL 47;BDA. VILLA JOVITA;B;51002
5;6;52800;URB;LOMA DEL PEZ;ENTERA;BDA. LA LIBERTAD;C;51002
5;6;46900;CTRA;LOMA LARGA;ENTERA;BDA. CAMPO EXTERIOR;D;51004
6;1;26800;CTRA;LOMA MARGARITA;1 AL 47;BDA. CAMPO EXTERIOR;D;51004
6;1;26801;CTRA;LOMA MARGARITA;2 AL 48;BDA. CAMPO EXTERIOR;D;51004
5;4;52200;CTRA;LOMA MARGARITA;49 AL FIN;BDA. CAMPO EXTERIOR;D;51004
5;4;52201;CTRA;LOMA MARGARITA;50 AL FIN;BDA. CAMPO EXTERIOR;D;51004
4;2;25900;CALLE;LOPE DE RUEDA;ENTERA;BDA. VILLA JOVITA;C;51002
4;2;26000;CALLE;LOPE DE VEGA;ENTERA;BDA. VILLA JOVITA;C;51002
4;7;26300;CALLE;LOPERA MARTIN;ENTERA;BDA. ESPAÑA;D;51002
4;10;26400;CALLE;LOPEZ UTOR;ENTERA;BDA. SAN JOSE;D;51002
4;6;26200;CALLE;LOSADA ESPINOSA;ENTERA;BDA. SAN JOSE;C;51002
1;1;55128;CALLE;LUIS LOPEZ ANGLADA;ENTERA;;A;0
2;2;28000;CALLE;MACHADO;ENTERA;;C;51001
3;2;1400;AVDA;MADRID (DE);ENTERA;BDA. PUERTAS DEL CAMPO;C;51001
6;2;30100;CALLE;MAESTRA MARIA JAEN;ENTERA;BDA. PRINCIPE ALFONSO;E;51003
1;10;33100;PLAZA;MAESTRANZA (DE LA);3 AL FIN;;B;51001
2;4;33101;PLAZA;MAESTRANZA (DE LA);1;;B;51001
1;10;33102;PLAZA;MAESTRANZA (DE LA);4 AL FIN;;B;51001
2;4;33103;PLAZA;MAESTRANZA (DE LA);2;;B;51001
4;11;54030;CALLE;MAESTRO ANTONIO MARFIL;ENTERA;BDA. PRINCIPE ALFONSO;C;51003
4;7;35500;PSAJE;MALAGA;ENTERA;BDA. ESPAÑA;D;51002
4;5;29700;CALLE;MANILVA;ENTERA;BDA. TERRONES;D;51002
3;7;55126;PATIO;MANOLO GOMEZ BERLANGA;ENTERA;;C;0
2;1;55132;CALLE;MANUEL LERIA Y ORTIZ DE SARACHO;ENTERA;;B;0
2;1;41410;CALLE;MANUEL OLIVENCIA AMOR;ENTERA;;A;51001
4;11;54060;CALLE;MANUEL REJANO;ENTERA;BDA. PRINCIPE ALFONSO;C;51003
3;3;29701;GRUP;MANZANERA;ENTERA;BDA. OTERO;D;51002
4;6;29200;CALLE;MARCELO ROLDAN;ENTERA;BDA. SAN JOSE;C;51002
1;3;7600;PASEO;MARINA ESPAÑOLA (DE LA);7;;A;51001
1;5;7601;PASEO;MARINA ESPAÑOLA (DE LA);9 AL 13;;A;51001
1;5;7604;PASEO;MARINA ESPAÑOLA (DE LA);10 AL 14;;A;51001
1;3;7607;PASEO;MARINA ESPAÑOLA (DE LA);8;;A;51001
1;6;7602;PASEO;MARINA ESPAÑOLA (DE LA);15;;B;51001
1;7;7603;PASEO;MARINA ESPAÑOLA (DE LA);23 AL 89;;B;51001
1;6;7605;PASEO;MARINA ESPAÑOLA (DE LA);16;;B;51001
1;7;7606;PASEO;MARINA ESPAÑOLA (DE LA);22 AL 88;;B;51001
1;9;7608;PASEO;MARINA ESPAÑOLA (DE LA);17 AL 21;;B;51001
1;9;7609;PASEO;MARINA ESPAÑOLA (DE LA);18 AL 20;;B;51001
1;2;46400;PASEO;MARINA ESPAÑOLA (DE LA);1 AL 5;;B;51001
1;2;46401;PASEO;MARINA ESPAÑOLA (DE LA);2 AL 6;;B;51001
1;10;7610;PASEO;MARINA ESPAÑOLA (DE LA);90 AL FIN;;B;51001
1;10;7611;PASEO;MARINA ESPAÑOLA (DE LA);91 AL FIN;;B;51001
4;6;29400;CALLE;MARQUES DE LEDE;ENTERA;BDA. SAN JOSE;C;51002
1;2;27600;CALLE;MARQUES DE SANTA CRUZ;PARES;;C;51001
1;2;27601;CALLE;MARQUES DE SANTA CRUZ;IMPARES;;C;51001
4;2;28900;CALLE;MARQUES DE SANTILLANA;ENTERA;BDA. VILLA JOVITA;C;51002
4;6;29500;CALLE;MARQUEZ CARRASCO;ENTERA;BDA. SAN JOSE;D;51002
4;4;21104;CALLE;MARTE;ENTERA;BDA. TERRONES;D;51002
2;2;27900;CALLE;MARTIN CEBOLLINO;ENTERA;;B;51001
1;4;27500;CALLE;MARTIN DE LA ESCALERA;ENTERA;;C;51001
4;6;29000;CALLE;MARTIN MORENO;ENTERA;BDA. SAN JOSE;C;51002
4;10;29600;CALLE;MARTINEZ CALVENTE;ENTERA;BDA. SAN JOSE;D;51002
1;1;4200;AVDA;MARTINEZ CATENA;ENTERA;;B;51002
1;1;27000;CALLE;MARTIRES;ENTERA;;C;51001
4;6;29100;CALLE;MATEO ALVAREZ;ENTERA;BDA. SAN JOSE;C;51002
2;3;37100;PSAJE;MATRES;ENTERA;;C;51001
4;8;29900;CALLE;MELILLA;ENTERA;BDA. ESPAÑA;C;51002
1;2;27300;CALLE;MENDEZ NUÑEZ;IMPARES;;C;51001
1;3;27310;CALLE;MENDEZ NUÑEZ;6 AL FIN;;C;51001
1;2;27311;CALLE;MENDEZ NUÑEZ;2 AL 4;;C;51001
1;6;27800;CALLE;MENDOZA;ENTERA;;B;51001
4;2;28800;CALLE;MENENDEZ Y PELAYO;ENTERA;BDA. VILLA JOVITA;C;51002
1;2;27200;LUGAR;MERCADO CENTRAL;;;A;51001
6;5;30400;LUGAR;MEZQUITA (CRUCE);ENTERA;BDA. SAN JOSE;C;51002
4;7;44810;AVDA;MIGUEL ARRUDA;ENTERA;BDA. SAN JOSE;C;51002
1;3;27400;CALLE;MILLAN ASTRAY;ENTERA;;B;51001
1;8;48500;CALLE;MINA;ENTERA;;B;51001
1;8;32500;PSAJE;MINA;ENTERA;;C;51001
4;6;29300;CALLE;MIQUEL LARA;ENTERA;BDA. SAN JOSE;C;51002
5;1;31000;CALLE;MIRALCAMPO;ENTERA;BDA. LA LIBERTAD;D;51002
4;11;30000;PLAYA;MIRAMAR;ENTERA;BDA. ALMADRABA;C;51002
4;11;27301;GRUP;MIRAMAR, PROMOCION;ENTERA;BDA. ESPAÑA;B;51002
4;8;21100;GRUP;MIRASOL;ENTERA;BDA. ESPAÑA;C;51002
4;5;55101;CALLE;MOHAMED HAMED ABDERRAHAMAN;ENTERA;BDA. SAN JOSE;C;51002
2;7;55120;CALLE;MOISES BENHAMU BENZAQUEN;ENTERA;;C;0
2;3;28200;CALLE;MOLINO;PARES;;C;51001
2;7;28201;CALLE;MOLINO;IMPARES;;C;51001
2;5;6902;FALDA;MONTE HACHO;ENTERA;BDA. CAMPO INTERIOR;C;51005
2;6;8900;CTRA;MONTE HACHO;ENTERA;BDA. CAMPO INTERIOR;C;51005
2;6;28300;CUSTA;MONTE HACHO;ENTERA;BDA. CAMPO INTERIOR;C;51005
2;6;50202;URB;MONTE HACHO (PROMOCION);ENTERA;BDA. CAMPO INTERIOR;B;51005
4;3;53100;LUGAR;MURALLAS CEUTA VIEJA;ENTERA;BDA. TERRONES;D;51002
3;14;29800;CALLE;MURILLO;ENTERA;BDA. O'DONNELL;D;51002
4;9;55144;CALLE;MUSTAFA MIZZIAN;ENTERA;BDA. SAN JOSE;C;51002
5;7;31200;CALLE;NARVAEZ ALONSO;ENTERA;BDA. SAN JOSE;D;51002
4;7;37200;PSAJE;NAVAS;ENTERA;BDA. ESPAÑA;D;51002
1;2;24210;PLAZA;NELSON MANDELA (DE);ENTERA;;B;51001
4;4;21105;CALLE;NEPTUNO;ENTERA;BDA. TERRONES;D;51002
4;9;54200;CALLE;NICARAGUA;ENTERA;BDA. SAN JOSE;D;51002
6;1;55143;CALLE;NUESTRA SEÑORA DE FATIMA;ENTERA;BDA. PLAYA BENITEZ;D;51004
2;5;54800;PLAZA;NUESTRA SEÑORA DEL VALLE;ENTERA;BDA. VIRGEN DEL VALLE;C;51005
1;8;23710;CALLE;NUESTRA SRA. DEL MAYOR DOLOR;ENTERA;;B;51001
4;7;31100;CALLE;NUEVA;ENTERA;BDA. ESPAÑA;D;51002
1;1;31400;PLAZA;OBISPO BARRAGAN;ENTERA;;C;51001
1;1;31300;CALLE;O'DONNELL;ENTERA;;A;51001
3;7;19301;BARDA;O'DONNELL;ENTERA;BDA. O'DONNELL;D;51002
3;12;2700;AVDA;OTERO;2 AL 24;BDA. OTERO;C;51001
3;3;2701;AVDA;OTERO;1 AL 5;BDA. OTERO;C;51001
3;5;3300;AVDA;OTERO;7 AL 17;BDA. OTERO;C;51002
3;8;3303;AVDA;OTERO;19 AL FIN;BDA. SAN JOSE;C;51002
1;2;55142;CALLE;PABLO IGLESIAS;ENTERA;;B;0
1;2;31800;CALLE;PADILLA;ENTERA;;B;51001
6;2;36500;PLAZA;PADRE CERVOS;ENTERA;BDA. PRINCIPE ALFONSO;E;51003
4;2;34300;CALLE;PADRE FEIJOO;ENTERA;BDA. VILLA JOVITA;B;51002
1;8;49100;PLAZA;PADRE MUÑOZ DE ARENILLAS;ENTERA;;B;51001
1;1;19300;PASEO;PALMERAS (DE LAS);ENTERA;;A;51001
4;6;35000;CALLE;PANAMA;ENTERA;BDA. SAN JOSE;D;51002
4;9;1600;ARRY;PANEQUE;ENTERA;BDA. SAN JOSE;E;51002
4;10;35600;CALLE;PARAMO SARRASI;ENTERA;BDA. SAN JOSE;D;51002
1;4;55111;PSAJE;PASAJE DEL SILENCIO;ENTERA;;B;0
1;1;55113;PSAJE;PASAJE EDUARDO GALLARDO;ENTERA;;A;0
2;1;39000;LUGAR;PATIO BISAGRA;ENTERA;;C;51001
2;7;37800;LUGAR;PATIO CASTILLO;ENTERA;;C;51001
2;1;36800;LUGAR;PATIO CENTENERO;ENTERA;;C;51001
2;1;37700;LUGAR;PATIO CONTRERAS;ENTERA;;C;51001
1;7;5600;LUGAR;PATIO DON JUAN;ENTERA;;C;51001
1;2;37600;LUGAR;PATIO HACHUEL;ENTERA;;C;51001
2;7;48900;LUGAR;PATIO HUERTA (DE LA);ENTERA;;C;51001
6;2;53600;LUGAR;PATIO JUAN DIAZ;ENTERA;BDA. PRINCIPE ALFONSO;E;51003
1;4;38200;LUGAR;PATIO MORALES;ENTERA;;C;51001
1;10;25801;LUGAR;PATIO PARAMO;ENTERA;;C;51001
1;7;3600;LUGAR;PATIO TAHONA (DE LA);ENTERA;;C;51001
1;10;49000;LUGAR;PATIO VIÑA;ENTERA;;C;51001
1;6;49200;PLAZA;PAZ (DE LA);ENTERA;;C;51001
3;7;39100;CALLE;PEDRO DE ALVARADO;ENTERA;BDA. O'DONNELL;D;51002
1;3;32400;CALLE;PEDRO DE MENESES;ENTERA;;B;51001
3;7;36300;CALLE;PEDRO DE VALDIVIA;ENTERA;BDA. O'DONNELL;D;51002
4;1;55106;CALLE;PEDRO MORENO (PERICO);ENTERA;BDA. OTERO;C;51002
4;6;35100;PSAJE;PEDROSA;ENTERA;BDA. SAN JOSE;D;51002
2;7;33300;CALLE;PELIGROS;ENTERA;;C;51001
1;1;55130;CALLE;PEPE DURAN;ENTERA;;A;51001
2;1;13900;CALLE;PEPE REMIGIO;ENTERA;;A;51001
1;1;55145;CALLE;PEPE SERON;ENTERA;;A;51001
4;7;35200;CALLE;PEREZ DEL CAMINO;ENTERA;BDA. ESPAÑA;D;51002
4;2;34400;CALLE;PEREZ GALDOS;ENTERA;BDA. VILLA JOVITA;C;51002
3;6;36600;CALLE;PEREZ SERRANO;ENTERA;BDA. PUERTAS DEL CAMPO;C;51001
4;7;35300;PSAJE;PERLA;ENTERA;BDA. ESPAÑA;D;51001
4;2;2000;ARRY;PEZ (DEL);ENTERA;BDA. VILLA JOVITA;D;51002
2;3;33700;PSAJE;PILAR (DEL);ENTERA;;C;51001
5;1;34003;CALLE;PINAR;ENTERA;BDA. LA LIBERTAD;C;51002
2;5;34100;LUGAR;PINO GORDO;ENTERA;BDA. CAMPO INTERIOR;C;51005
2;5;54700;CALLE;PINOS DEL VALLE;ENTERA;BDA. VIRGEN DEL VALLE;C;51005
1;4;55110;PLAZA;PLAZA DE LA SANTA CRUZ;ENTERA;;C;0
1;4;55112;PLAZA;PLAZA Mª DEL CARMEN CERDEIRA;ENTERA;;A;0
1;1;55114;PLAZA;PLAZA MENAHEN GABIZON;ENTERA;;A;0
1;1;55115;PLAZA;PLAZA PADRE PERPEN;ENTERA;;A;0
6;2;38600;BARRO;POBLADO LEGIONARIO;ENTERA;BDA. PRINCIPE ALFONSO;E;51003
5;5;38800;BARRO;POBLADO SANIDAD;ENTERA;BDA. SAN JOSE;C;51002
3;2;30800;MUELL;PONIENTE;ENTERA;BDA. LA PUNTILLA;C;51001
6;1;8800;CTRA;POSTIGO;ENTERA;BDA. PLAYA BENITEZ;D;51004
6;1;17200;BARDA;POSTIGO;ENTERA;BDA. CAMPO EXTERIOR;D;51004
2;5;51800;CTRA;POTABILIZADORA;ENTERA;BDA. CAMPO INTERIOR;E;51005
5;1;34002;CALLE;POZO;ENTERA;BDA. LA LIBERTAD;D;51002
2;5;34000;CALLE;POZO RAYO;PARES;;C;51005
2;4;34004;CALLE;POZO RAYO;IMPARES;;C;51005
2;6;34001;BARRO;POZO RAYO ALTO;ENTERA;;C;51005
6;2;11500;CTRA;PRINCIPE (DEL);ENTERA;BDA. PRINCIPE ALFONSO;E;51003
6;3;43701;GRUP;PRINCIPE FELIPE;ENTERA;BDA. PRINCIPE FELIPE;E;51003
5;7;12600;CITO;PRISION PROVINCIAL;ENTERA;BDA. SAN JOSE;D;51002
2;5;38910;CALLE;PROFESOR GORDILLO OSUNA;ENTERA;BDA. CAMPO INTERIOR;C;51002
2;5;54300;CALLE;PUENTE DEL VALLE;ENTERA;BDA. VIRGEN DEL VALLE;C;51005
4;3;35800;CALLE;PUERTO RICO;ENTERA;BDA. TERRONES;D;51002
2;5;51900;CTRA;PUNTA ALMINA;ENTERA;BDA. CAMPO INTERIOR;C;51005
6;5;7202;LUGAR;PUNTA BLANCA;ENTERA;BDA. BENZU;C;51004
3;2;28600;MUELL;PUNTILLA (DE LA);ENTERA;BDA. LA PUNTILLA;C;51001
3;2;40700;CTRA;PUNTILLA (DE LA);16 AL FIN;BDA. LA PUNTILLA;C;51001
3;13;40705;CTRA;PUNTILLA (DE LA);1 AL 15;BDA. LA PUNTILLA;C;51001
3;13;40710;CTRA;PUNTILLA (DE LA);2 AL 14;BDA. LA PUNTILLA;C;51001
3;2;40701;CTRA;PUNTILLA (DE LA);17 AL FIN;BDA. LA PUNTILLA;C;51001
4;6;34900;CALLE;PUYUELO DOMENET;ENTERA;BDA. SAN JOSE;D;51002
1;1;39300;CALLE;QUEIPO DE LLANO;ENTERA;;B;51001
6;4;39500;LUGAR;QUEMADERO;ENTERA;BDA. CAMPO EXTERIOR;E;51003
6;4;49400;PNTE;QUEMADERO (DEL);ENTERA;BDA. CAMPO EXTERIOR;E;51003
4;2;39400;CALLE;QUEVEDO;ENTERA;BDA. VILLA JOVITA;C;51002
3;5;55124;CALLE;RADIOAFICIONADOS;1;;B;0
3;4;55134;CALLE;RADIOAFICIONADOS;3 AL FIN;;B;0
4;3;3210;CALLE;RAFAEL BORREGO;ENTERA;BDA. TERRONES;C;51002
1;2;37900;PLAZA;RAFAEL GIBERT;ENTERA;;A;51001
1;2;15700;ESCA;RAFAEL GIBERT;ENTERA;;B;51001
6;4;5200;CALLE;RAFAEL OROZCO;ENTERA;BDA. PRINCIPE ALFONSO;E;51003
6;3;43706;CALLE;RAFAEL PASAMAR PEREÑA;ENTERA;BDA. PRINCIPE FELIPE;E;51003
4;10;40300;CALLE;RALLO ROMERO;ENTERA;BDA. SAN JOSE;D;51002
4;7;40100;CALLE;RAMIREZ YUSTE;ENTERA;BDA. ESPAÑA;D;51002
4;2;40000;CALLE;RAMON DE CAMPOAMOR;ENTERA;BDA. VILLA JOVITA;C;51002
5;2;50001;PLAZA;RAMON DE LA CRUZ;ENTERA;BDA. LOS ROSALES;D;51002
5;1;2310;CALLE;RAMON MORALES ORDOÑEZ;ENTERA;BDA. LA LIBERTAD;C;51002
2;2;39800;CALLE;RAMON Y CAJAL;ENTERA;;C;51001
1;10;39700;CALLE;RAMPA DE ABASTOS;ENTERA;;C;51001
2;1;16100;CALLE;REAL;2 AL 26;;A;51001
1;8;16101;CALLE;REAL;1 AL 39;;A;51001
1;6;16102;CALLE;REAL;41 AL 61;;A;51001
1;7;16103;CALLE;REAL;67 AL FIN;;A;51001
2;2;16104;CALLE;REAL;28 AL 72;;B;51001
2;3;16105;CALLE;REAL;74 AL 76;;B;51001
1;9;16107;CALLE;REAL;63 AL 65;;B;51001
2;7;16106;CALLE;REAL;78 AL 94;;B;51001
2;4;16108;CALLE;REAL;96 AL FIN;;B;51001
1;4;39600;CALLE;RECINTO SUR;1 AL 5;;C;51001
2;2;39601;CALLE;RECINTO SUR;9 AL 33;;C;51001
1;4;39602;CALLE;RECINTO SUR;2 AL 4;;C;51001
2;3;39603;CALLE;RECINTO SUR;35 AL 41;;C;51001
2;7;39604;CALLE;RECINTO SUR;43 AL FIN;;C;51001
2;1;39605;CALLE;RECINTO SUR;6 AL 8;;C;51001
2;2;39606;CALLE;RECINTO SUR;10 AL 34;;C;51001
2;3;39607;CALLE;RECINTO SUR;36 AL 42;;C;51001
2;7;39608;CALLE;RECINTO SUR;44 AL FIN;;C;51001
2;1;39609;CALLE;RECINTO SUR;7;;C;51001
2;4;300;PSAJE;RECREO ALTO;ENTERA;;C;51001
2;7;51600;PSAJE;RECREO BAJO;ENTERA;;C;51001
2;7;33400;PSAJE;RECREO CENTRAL;ENTERA;;C;51001
6;5;47800;CJTO;RED PERMANENTE;ENTERA;BDA. CAMPO EXTERIOR;D;51004
5;6;20200;CJTO;REGIMIENTO MONTESA;ENTERA;BDA. CAMPO EXTERIOR;E;51004
5;6;46910;AVDA;REGIMIENTO MONTESA (DEL);ENTERA;BDA. CAMPO EXTERIOR;D;51004
5;5;39200;BARRO;REGULARES (POBLADO);ENTERA;BDA. SAN JOSE;D;51002
4;1;9100;CJTO;REGULARES 1 (CUARTEL);ENTERA;BDA. TERRONES;B;51002
5;5;10800;CJTO;REGULARES 3 (CUARTEL);ENTERA;BDA. SAN JOSE;B;51002
5;5;36000;GRUP;REGULARES 3 (PABELLONES);ENTERA;BDA. SAN JOSE;D;51002
3;8;2500;AVDA;REGULARES de CEUTA;PARES;BDA. SAN JOSE;B;51002
4;6;2501;AVDA;REGULARES de CEUTA;IMPARES;BDA. SAN JOSE;B;51002
6;1;2200;ARRY;RENEGADO (DEL);ENTERA;BDA. CAMPO EXTERIOR;E;51004
3;2;24500;JDIN;REPUBLICA ARGENTINA;ENTERA;BDA. PUERTAS DEL CAMPO;C;51001
3;2;49500;CJTO;RESIDENCIA GENERAL GALERA;ENTERA;BDA. LA PUNTILLA;A;51002
1;2;25500;CJTO;RESIDENCIA JUVENTUD;;;A;51001
6;1;11901;CJTO;RESIDENCIA NAZARETH;ENTERA;BDA. CAMPO EXTERIOR;D;51004
1;2;41100;CJTO;RESIDENCIA OF.LEGION(P.COLON);;;B;51001
3;8;52600;CJTO;RESIDENCIA OTERO;ENTERA;BDA. OTERO;A;51002
5;5;10202;CJTO;RESIDENCIA SUBOFICIALES;ENTERA;BDA. SAN JOSE;B;51002
1;2;24200;PASEO;REVELLIN (DEL);ENTERA;;A;51001
1;3;32300;PLAZA;REYES (DE LOS);ENTERA;;A;51001
4;7;3100;AVDA;REYES CATOLICOS;6 AL FIN;BDA. ESPAÑA;B;51002
3;14;3101;AVDA;REYES CATOLICOS;1 AL 11;BDA. ESPAÑA;B;51002
4;8;3102;AVDA;REYES CATOLICOS;13 AL FIN;BDA. ESPAÑA;B;51002
4;6;3103;AVDA;REYES CATOLICOS;2 AL 4;BDA. SAN JOSE;B;51002
1;1;31600;PLAYA;RIBERA (DE LA);;;A;51001
4;2;49600;CALLE;RODRIGUEZ BERLANGA;ENTERA;BDA. VILLA JOVITA;C;51002
1;2;31900;PSAJE;ROMERO;ENTERA;;C;51001
4;9;17900;CALLE;ROMERO CORDOBA;ENTERA;BDA. SAN JOSE;B;51002
3;14;40500;CALLE;ROMERO DE TORRES;ENTERA;BDA. O'DONNELL;D;51002
4;11;12000;COL;ROMEU;ENTERA;BDA. ALMADRABA;C;51003
5;7;26500;CALLE;ROSALES (LOS);ENTERA;BDA. SAN JOSE;D;51002
5;2;50000;GRUP;ROSALES (LOS);ENTERA;BDA. LOS ROSALES;D;51002
4;8;19302;LOMA;RUBIO;;BDA. O'DONNELL;C;51002
4;10;40200;CALLE;RUIZ ALVAREZ;ENTERA;BDA. SAN JOSE;D;51002
4;2;39900;CALLE;RUIZ DE ALARCON;ENTERA;BDA. VILLA JOVITA;C;51002
4;11;36400;PSAJE;RUIZ MEDINA;ENTERA;BDA. ALMADRABA;D;51002
2;2;6200;BARRO;SALUD (DE LA);ENTERA;;C;51001
2;2;48800;PSAJE;SALUD (DE LA);ENTERA;;C;51001
1;9;41800;CALLE;SALUD TEJERO;1 AL 13;;C;51001
1;7;41801;CALLE;SALUD TEJERO;8 AL FIN;;C;51001
1;9;41802;CALLE;SALUD TEJERO;2 AL 6;;C;51001
1;7;41803;CALLE;SALUD TEJERO;15 AL FIN;;C;51001
2;5;8400;PLAYA;SAN AMARO;ENTERA;BDA. SAN AMARO;C;51001
2;5;8401;AVDA;SAN AMARO;ENTERA;BDA. SAN AMARO;C;51001
2;5;8402;CTRA;SAN AMARO;ENTERA;BDA. SAN AMARO;C;51001
2;5;13200;BARDA;SAN AMARO;ENTERA;BDA. SAN AMARO;C;51001
2;5;49900;LUGAR;SAN AMARO (VIVEROS);ENTERA;BDA. SAN AMARO;C;51001
2;5;42000;LUGAR;SAN ANTONIO;ENTERA;BDA. CAMPO INTERIOR;C;51005
2;5;52000;CTRA;SAN ANTONIO;ENTERA;BDA. CAMPO INTERIOR;C;51005
2;5;38900;URB;SAN ANTONIO (POBLADO);ENTERA;BDA. CAMPO INTERIOR;C;51002
5;6;20701;GRUP;SAN DANIEL;ENTERA;BDA. LA LIBERTAD;C;51002
6;4;42200;CALLE;SAN DANIEL;ENTERA;BDA. PRINCIPE ALFONSO;C;51003
3;1;3900;AVDA;SAN FRANCISCO JAVIER;ENTERA;BDA. PUERTAS DEL CAMPO;C;51001
2;5;54500;CALLE;SAN JOSE DEL VALLE;ENTERA;BDA. VIRGEN DEL VALLE;C;51005
3;1;4000;AVDA;SAN JUAN DE DIOS;ENTERA;BDA. PUERTAS DEL CAMPO;C;51001
4;3;55135;CALLE;SAN PEDRO;ENTERA;PEDRO LAMATA;C;0
1;2;30500;JDIN;SAN SEBASTIAN;;;C;51001
2;5;54600;CALLE;SAN VICENTE DEL VALLE;ENTERA;BDA. VIRGEN DEL VALLE;C;51005
2;5;12700;CTRA;SANTA CATALINA;ENTERA;BDA. CAMPO INTERIOR;D;51005
2;5;54900;CALLE;SANTA CRUZ DEL VALLE;ENTERA;BDA. VIRGEN DEL VALLE;C;51005
1;4;41300;CALLE;SANTANDER;3 AL FINAL;;B;51001
1;2;41301;CALLE;SANTANDER;1;;B;51001
1;2;41302;CALLE;SANTANDER;2;;B;51001
3;1;1201;PLAZA;SANTIAGO;ENTERA;;C;51001
4;3;5401;CALLE;SANTIAGO APOSTOL;ENTERA;BDA. TERRONES;D;51001
2;6;42100;BARDA;SARCHAL (EL);ENTERA;BDA. SARCHAL;C;51005
4;1;42600;BARDA;SARDINERO (EL);ENTERA;BDA. OTERO;C;51002
2;1;42300;CALLE;SARGENTO CORIAT;ENTERA;;B;51001
2;2;42700;CALLE;SARGENTO CORIAT, PROLONGACION;ENTERA;;B;51001
1;5;41600;CALLE;SARGENTO MENA;1 AL 3;;B;51001
1;3;41601;CALLE;SARGENTO MENA;PARES;;B;51001
1;8;41602;CALLE;SARGENTO MENA;5 AL FIN;;B;51001
4;4;21106;CALLE;SATURNO;ENTERA;BDA. TERRONES;D;51002
6;5;11100;CTRA;SERRALLO (DEL);ENTERA;BDA. CAMPO EXTERIOR;E;51003
4;2;9400;CTRA;SERVICIO (DE);ENTERA;BDA. LA PUNTILLA;D;51001
2;3;41900;CALLE;SEVILLA;ENTERA;;C;51001
1;6;41700;CALLE;SIMOA;ENTERA;;C;51001
4;4;21107;CALLE;SOL (DEL);ENTERA;BDA. TERRONES;D;51002
5;7;14200;CALLE;SOLDADO VALLE ALMAZAN;ENTERA;BDA. SAN JOSE;D;51002
5;7;44100;TRVAL;SOLDADO VALLE ALMAZAN;ENTERA;BDA. SAN JOSE;D;51002
1;3;41500;CALLE;SOLIS;ENTERA;;B;51001
5;6;20600;GRUP;SOLIS;ENTERA;BDA. LA LIBERTAD;C;51001
4;5;42900;CALLE;SOUSA RODRIGUEZ;ENTERA;BDA. SAN JOSE;D;51002
6;2;53900;CALLE;SUCESO TERREROS;ENTERA;BDA. PRINCIPE ALFONSO;E;51003
6;3;50400;CJTO;TARAJAL (CERAMICA);;BDA. PRINCIPE FELIPE;C;51003
6;3;13000;CTRA;TARAJAL (DEL);ENTERA;BDA. PRINCIPE FELIPE;E;51003
6;3;43700;LUGAR;TARAJAL (FRONTERA);ENTERA;BDA. PRINCIPE FELIPE;C;51003
6;3;50600;GRUP;TARAJAL (GUARDIA CIVIL);ENTERA;BDA. PRINCIPE FELIPE;E;51003
6;3;50300;GRUP;TARAJAL (TORRE);ENTERA;BDA. PRINCIPE FELIPE;E;51003
6;5;43800;LUGAR;TEJAR DE INGENIEROS;ENTERA;BDA. LOS ROSALES;D;51003
1;8;43200;CALLE;TENIENTE ARRABAL;1 AL 3;;B;51001
1;6;43201;CALLE;TENIENTE ARRABAL;PARES;;B;51001
1;5;43202;CALLE;TENIENTE ARRABAL;5 AL FIN;;B;51001
6;2;53800;CALLE;TENIENTE CORONEL CATEDRA;ENTERA;BDA. PRINCIPE ALFONSO;E;51003
4;6;43500;CALLE;TENIENTE CORONEL GAUTIER;1 AL 51;BDA. SAN JOSE;B;51002
4;10;43501;CALLE;TENIENTE CORONEL GAUTIER;53 AL FIN;BDA. SAN JOSE;B;51002
4;9;43502;CALLE;TENIENTE CORONEL GAUTIER;PARES;BDA. SAN JOSE;B;51002
4;1;1800;AVDA;TENIENTE GENERAL MUSLERA;IMPARES;BDA. OTERO;D;51002
3;13;1801;AVDA;TENIENTE GENERAL MUSLERA;PARES;BDA. CAMPO EXTERIOR;D;51002
1;2;43000;CALLE;TENIENTE JOSE OLMO;ENTERA;;B;51001
1;2;31810;CALLE;TENIENTE MUÑOZ CASTELLANOS;ENTERA;;B;51001
1;5;43100;CALLE;TENIENTE PACHECO;ENTERA;;B;51001
1;2;21500;GTA;TENIENTE REINOSO;ENTERA;;C;51001
1;2;32000;PLAZA;TENIENTE RUIZ;1 AL 1;;A;51001
1;3;32001;PLAZA;TENIENTE RUIZ;3 AL 3;;A;51001
1;2;32002;PLAZA;TENIENTE RUIZ;2 AL 2;;;51001
1;2;32003;PLAZA;TENIENTE RUIZ;5 AL FIN;;;51001
1;3;32004;PLAZA;TENIENTE RUIZ;4 AL FIN;;A;51001
4;5;43600;CALLE;TERRONES;ENTERA;BDA. TERRONES;B;51002
4;5;43601;LUGAR;TERRONES (FUENTE);ENTERA;BDA. TERRONES;D;51002
2;2;43300;CALLE;TETUAN;ENTERA;;C;51001
6;1;47000;CTRA;TIRO PICHON;ENTERA;BDA. CAMPO EXTERIOR;E;51004
4;2;43400;CALLE;TIRSO DE MOLINA;ENTERA;BDA. VILLA JOVITA;C;51002
4;11;49700;CALLE;TOBOGAN;ENTERA;BDA. ALMADRABA;D;51002
2;5;6600;LUGAR;TORREMOCHA;;BDA. CAMPO INTERIOR;C;51005
4;2;34500;PSAJE;TRUJILLO;ENTERA;BDA. VILLA JOVITA;C;51002
4;6;18400;CALLE;TRUJILLO GONZALEZ;ENTERA;BDA. SAN JOSE;D;51002
5;1;2370;CALLE;ULISES;ENTERA;BDA. LA LIBERTAD;C;51002
4;4;21108;CALLE;URANO;ENTERA;BDA. TERRONES;D;51002
2;5;6500;LUGAR;VALDEAGUAS ALTO;ENTERA;BDA. CAMPO INTERIOR;C;51005
2;5;6501;LUGAR;VALDEAGUAS BAJO;ENTERA;BDA. CAMPO INTERIOR;C;51005
2;2;44500;CALLE;VALDEFLORES;ENTERA;;C;51001
3;8;44700;CALLE;VALDES LEAL;ENTERA;BDA. SAN JOSE;D;51002
1;1;55129;CALLE;VALENTIN CABILLAS;ENTERA;;A;0
4;5;45300;CALLE;VALLEJO BENITEZ;IMPARES;BDA. TERRONES;D;51002
4;4;45301;CALLE;VALLEJO BENITEZ;2 AL 22;BDA. TERRONES;D;51002
4;5;45302;CALLE;VALLEJO BENITEZ;24 AL FIN;BDA. TERRONES;D;51002
3;7;45500;CALLE;VASCO NUÑEZ DE BALBOA;ENTERA;BDA. O'DONNELL;D;51002
1;4;44301;CALLE;VELARDE;PARES;;B;51001
1;2;44300;CALLE;VELARDE;1 AL 11;;B;51001
1;4;44302;CALLE;VELARDE;13 AL FIN;;B;51001
3;14;45400;CALLE;VELAZQUEZ;ENTERA;BDA. O'DONNELL;D;51002
4;5;45000;CALLE;VENEZUELA;ENTERA;BDA. SAN JOSE;D;51002
4;10;44900;CALLE;VICEDO MARTINEZ;ENTERA;BDA. SAN JOSE;C;51002
3;8;55131;PLAZA;VICTIMAS DEL TERRORISMO;ENTERA;;C;0
2;5;46000;LUGAR;VILLA ADELA;ENTERA;BDA. CAMPO INTERIOR;C;51005
4;7;45600;LUGAR;VILLA AURORA;ENTERA;BDA. ALMADRABA;C;51003
4;8;45900;LUGAR;VILLA ELVIRA;ENTERA;BDA. ALMADRABA;C;51003
4;8;49800;LUGAR;VILLA RIOS;ENTERA;BDA. ALMADRABA;C;51003
2;2;45700;CALLE;VILLACAMPA;ENTERA;;C;51001
4;7;44800;CALLE;VIÑAS;ENTERA;BDA. ESPAÑA;D;51002
4;10;15200;TRVAL;VIRGEN DE LA LUZ;ENTERA;BDA. SAN JOSE;D;51002
4;10;45800;CALLE;VIRGEN DE LA LUZ;PARES;BDA. SAN JOSE;D;51002
4;10;45801;CALLE;VIRGEN DE LA LUZ;IMPARES;BDA. SAN JOSE;D;51002
4;3;55141;PLAZA;VIRGEN DE LA PALMA;ENTERA;;C;0
1;9;44400;CALLE;VIRGILIO OÑATE;ENTERA;;C;51001
3;3;29706;CALLE;VIRREY CONDE VERGARA;ENTERA;BDA. OTERO;D;51002
2;2;44600;CALLE;VISTA ALEGRE;ENTERA;;C;51001
4;4;45100;GRUP;VIVIENDAS TERMICA;ENTERA;BDA. TERRONES;B;51002
4;2;9300;COL;WEIL;ENTERA;BDA. VILLA JOVITA;C;51002
4;2;46100;CALLE;ZORRILLA;ENTERA;BDA. VILLA JOVITA;C;51002
3;14;46200;CALLE;ZULOAGA;ENTERA;BDA. O'DONNELL;D;51002
3;14;46300;CALLE;ZURBARAN;ENTERA;BDA. O'DONNELL;D;51002